Engine rpm,Lub oil pressure,Fuel pressure,Coolant pressure,lub oil temp,Coolant temp,Engine Condition
973,3.655193075,4.952587673,2.911512332,74.64118858,80.17345938,1
693,2.419464025,10.60218312,1.929470444,75.46172614,78.26520701,0
750,3.746638972,6.549353047,2.406615095,82.05934067,65.77231004,0
416,3.549662429,4.72822215,1.935778254,77.34657561,74.47554112,1
750,3.053867608,5.684663147,4.669778876,74.36256606,87.43778595,1
653,4.345529943,6.160082896,1.878802838,85.14396925,72.42792757,1
686,5.312312798,8.061524398,2.989629733,75.10060761,70.37369142,1
629,2.233660094,7.074076863,2.825666318,87.32331838,90.89839243,0
488,2.51625607,9.828955771,5.559120438,75.09550678,77.71608732,1
670,3.036105543,7.160957911,2.766303975,76.87575722,84.20774413,1
629,3.652638061,7.061919461,1.945130458,78.03313042,77.48147395,0
562,3.316979091,4.998927423,1.779013138,76.56570824,83.53378381,0
627,4.219392694,5.266725582,3.047956518,74.08934443,80.01933106,1
636,2.948587585,8.241495566,1.603850674,78.86345216,75.69321954,1
370,3.793940355,7.738027771,1.514682577,84.73737865,76.63939423,1
1374,2.657164625,6.284392698,1.266623713,76.34409921,65.36167243,0
747,2.537887467,7.938683168,3.041005022,77.33490618,75.95954523,0
841,3.345417715,4.387477225,3.996426081,77.85930831,73.07777965,0
773,3.502458549,5.412459741,0.281939538,77.25253975,75.75162744,0
919,4.086417636,5.966214766,1.821345646,77.89504255,70.34742943,0
779,3.961456938,5.094950671,2.562236428,76.01174913,86.64385284,0
968,3.752912256,4.988215259,3.678730432,74.86616797,81.42745137,1
1506,4.581416152,6.981123016,1.640697762,75.31599947,73.61200208,0
1098,2.956380091,5.640452519,1.22442123,76.60677717,72.64257399,1
817,2.714331751,3.204104257,1.784976626,76.69215505,76.83992381,0
709,2.809189491,7.388941976,2.659268414,75.82708769,85.68049186,1
765,2.319332761,4.87840009,1.177788977,77.723481,82.6826629,0
791,2.954529013,6.202332722,1.837444451,76.16281082,85.10141558,0
1502,3.665411903,4.559112069,1.099310169,77.02054495,84.29548573,1
500,4.098378245,10.88795711,0.543732364,77.19371607,81.17273444,1
736,3.910651322,1.996638414,3.115193856,83.4128554,78.15365216,1
764,4.295791003,7.41122188,1.851328232,77.11443102,74.74555656,1
978,3.498725644,5.809951112,1.663219592,75.25668594,72.14655475,0
1075,2.930496838,6.87210368,2.360647014,77.57739663,77.51390517,1
783,3.288135466,7.434902939,1.727532883,74.29572788,80.6962132,0
668,3.613017572,3.627399545,1.176296124,76.09921467,81.679781,1
387,5.080666091,5.013999026,2.876388873,73.63165167,73.109661,1
681,4.355864609,7.645249069,1.86059839,79.98666697,69.34445073,1
508,3.375347102,6.937830928,1.308770952,75.85553092,79.390638,1
524,1.868909392,5.641258145,2.109455551,76.06639832,90.34638388,1
1240,4.338728868,4.512453834,1.569757891,76.5075315,72.47545053,1
599,3.922223676,8.868823303,1.726881591,77.9703732,89.41291685,1
899,3.198938152,5.743192938,1.367237881,76.79924683,69.68969174,1
946,2.721636054,7.501501037,2.400739521,77.90873798,75.21455605,1
621,0.973019434,5.679842617,2.028166622,85.8619108,86.51477771,0
398,4.027409071,10.78283449,3.452318116,84.12953144,76.58546302,1
951,4.82210073,5.900031736,2.091937046,74.30054337,87.53132926,1
1248,3.212872427,8.139220871,1.582550889,85.0378977,86.02299079,1
414,3.855161253,10.06942877,1.368353332,76.19084469,70.16942355,1
928,4.86083745,6.101372824,2.480547918,75.88805091,82.66793307,1
937,3.933772133,4.616128157,2.247868098,76.77584029,77.58994923,1
715,3.868666745,5.091304368,2.497381697,77.26106833,73.49928957,1
1112,2.250585041,5.081113924,2.957316404,76.84663615,80.59966846,1
1014,3.202111702,4.355881325,3.173911452,78.75671219,75.05110775,1
1621,3.975351075,3.342588654,1.015608455,78.56365877,71.79632562,0
937,4.350071577,5.051502519,4.879095816,75.03496788,85.84134342,0
860,3.747278182,7.699523374,1.970550926,89.28630161,89.09825434,1
878,2.83002684,4.61446095,1.318952145,84.15161809,78.56231282,0
833,2.50541818,6.895159366,4.87796422,77.69178506,78.13511152,0
557,2.179428113,5.409900358,2.74660523,81.20816149,83.91278134,0
698,4.710916484,4.048665409,2.102222623,75.69486298,80.54242006,1
825,2.991035426,16.34256628,2.814650403,76.41159983,77.31186344,1
504,3.633259777,9.204117894,2.804834202,75.35136646,70.72297006,1
1055,3.948731897,2.29669644,1.621109579,77.47132407,66.0905916,0
884,2.812786743,11.35460709,3.169842952,75.5594564,77.35459606,0
519,5.153973963,7.558646074,3.000454631,76.60404792,70.79335029,1
980,3.534892935,9.049000477,1.02072074,76.79780933,80.01259821,0
552,3.090189975,5.166196114,1.825658319,75.64581999,84.66617458,1
891,2.538577668,7.323520369,1.967228555,75.49071205,75.29610963,0
653,3.881973305,8.980157227,3.31414494,77.49236517,79.5062943,0
443,5.244522501,5.241694096,2.466137798,77.10213264,73.75215658,0
755,4.835669623,2.973395764,2.827606535,74.83214096,85.5162541,1
424,2.887835039,5.537057488,1.230042261,73.98825288,76.90054579,1
818,2.460629564,5.768186452,1.765581833,77.9637297,80.45114133,0
918,3.679249249,7.516652998,2.708845243,76.89693691,78.90848791,0
628,5.152052829,3.772988786,2.353495476,78.30752155,73.38171517,0
999,2.065525026,5.060736186,1.477884963,78.50734611,85.54125588,0
675,2.995069562,2.253490526,1.538999408,74.42904913,91.16851195,1
733,3.574732896,10.32870563,1.63260731,77.27432349,82.16861656,1
620,4.803888799,17.86892133,3.342706854,76.84222206,74.38662347,0
724,2.330137995,6.670744746,1.668165246,77.82331317,72.14840187,0
680,2.707680171,6.802372606,1.944878734,76.06532811,75.26841853,1
911,3.242320934,5.66826337,2.641789463,76.26567127,73.5900521,1
532,2.375175803,6.44443357,1.998349844,82.83041493,83.7870377,0
924,2.658340838,5.40825314,3.331685075,76.87560171,76.55934438,0
982,4.508889373,5.178523418,1.833622256,77.57723909,89.96873747,0
923,2.974072899,3.868675229,1.46263789,75.87000915,85.36304969,0
586,3.716925403,7.014600276,2.088040998,75.03136636,73.26114004,1
840,2.574044629,5.26762219,2.09115582,83.44104638,79.62446236,0
781,2.344274817,4.926656996,3.105468248,82.51368114,91.33839319,1
1022,4.270304974,6.144110451,1.473242976,77.27965723,80.95263348,1
612,3.521003191,6.020546535,2.758078468,76.14881575,87.67943614,0
815,3.487142806,15.8345508,3.588851448,77.15303144,70.6651168,0
914,2.047387317,6.698896496,2.110822035,78.03995457,91.49977162,1
1628,4.635318298,4.873541338,2.540278929,86.88145773,79.57759259,0
510,2.118162054,7.295789399,1.457881081,77.34100533,71.07548901,1
630,5.394470803,6.395031665,3.685967564,77.34395706,71.2996527,0
786,2.475425245,4.828189239,1.306490094,76.73538053,77.49540857,1
775,3.205430739,7.580755494,1.241043111,76.42840972,71.21230331,1
471,3.161668664,3.879185429,2.257505715,78.34922814,79.76626511,0
779,4.192865351,9.923987128,1.748082379,75.12843976,70.22920585,1
1002,5.045339909,7.399345925,2.166345255,77.46459168,81.96307388,1
1464,3.14069407,10.76073529,2.21902205,76.65339828,71.95247914,0
928,3.641853643,7.095227886,3.367164654,76.68679461,82.52878013,1
413,3.860576814,4.920866871,1.561107637,88.01356313,75.21841526,1
713,2.799616737,4.007617736,2.517693346,77.83570895,84.50339622,0
857,3.546741254,10.30214772,1.522891783,76.66568904,70.33137036,0
730,2.894705653,7.200042284,1.611206597,76.20685163,76.34978708,1
540,2.325107864,7.124953613,2.76136236,75.88811952,93.33369317,0
810,2.850880684,7.335832221,1.693691981,82.91244764,90.57904703,0
595,2.873461036,5.272747548,2.732647781,74.22581951,83.64620905,1
871,3.718158634,5.127574896,2.831366024,84.85175449,80.40020404,1
427,2.643333854,5.353643711,6.907917201,74.61222599,70.46021994,1
827,3.980967663,3.315843188,2.730592535,75.58604175,80.22628762,0
1009,3.736482637,4.235111282,2.74805211,83.01146744,81.89104936,0
606,2.895441253,15.8399891,1.054605719,77.13665425,74.39104545,0
822,3.599735886,5.076527992,1.626107443,75.25392432,77.68094012,1
663,3.400009565,5.44995519,0.983850392,75.92676164,78.71224985,1
708,2.947438925,5.088072943,2.924952052,77.46225949,76.9100848,1
862,3.636286828,5.921524022,2.501388619,74.85997844,68.52687762,0
1126,3.407279136,4.321457591,2.05638635,78.1448033,69.74283742,0
555,3.532592936,7.630853542,2.990705259,76.74084416,81.84118972,1
495,3.640083544,2.617189522,3.991755144,84.43772852,82.9431779,1
710,3.639991104,4.561255652,1.624926743,77.90635924,71.71505904,0
1100,2.425711866,6.77556885,2.835183941,76.47151067,76.9436204,0
1877,5.209185676,8.082652167,2.173200871,77.50132382,86.51399947,0
948,2.946278435,15.51327261,6.345753028,75.1195743,87.98690262,1
921,3.135051031,5.230341623,2.90042258,75.950961,86.69877382,1
746,5.135425134,6.23788377,1.591487165,76.3396209,80.70136853,1
851,3.102660178,7.688245676,2.142378103,77.04509644,75.8196062,1
481,4.532485918,8.110481743,2.571132874,76.70906789,73.9616516,1
465,4.061049518,10.68791264,1.813159366,74.82000059,74.49257256,1
731,3.474908663,7.348450076,2.363766664,76.03817414,79.77829892,1
599,3.833395264,6.315495179,2.26007942,75.82405942,78.04687104,1
859,2.861825824,8.591731874,2.941315534,76.08944486,74.43905824,0
1193,3.669257625,7.845989216,1.229372394,85.32262112,67.00910436,1
732,5.446239408,5.123714832,2.475878643,76.8869731,85.78428355,1
1024,5.111173183,7.640231413,1.355008584,78.40145116,81.08863251,1
519,5.225650092,8.357601126,2.418808963,80.05657383,69.34406582,1
1114,4.345886208,6.60209199,1.914754286,75.25873394,67.34168821,1
603,3.091647095,5.632162809,2.651566736,76.19866393,75.04417796,1
801,2.676855273,6.091457568,1.661922576,77.23727521,86.18530625,0
1079,3.693757821,9.426638479,1.897523488,76.96072051,75.58889397,1
411,2.623177454,7.659587529,1.582100906,77.03222951,76.44918989,1
785,3.165942062,7.023926367,1.638242066,76.93822332,84.32210907,1
1136,2.417377184,9.571348511,1.803404322,76.8536074,80.91887948,1
829,3.143582066,6.317572306,2.234249488,75.44982473,80.03995687,0
757,2.953205265,7.670139356,3.548106086,75.4755396,73.45549732,1
1301,2.479021826,6.105712358,2.035941521,77.09579874,77.41508996,0
367,2.39486975,4.404120441,1.812904123,82.35850856,82.58842664,1
741,4.498697894,4.361336606,1.192992497,76.58090235,82.60618133,1
701,5.88233669,4.43013238,1.662492608,76.07969233,79.45811821,1
850,4.407899469,5.081583842,2.96724978,75.55657005,83.31016017,0
544,2.75187648,5.876005965,3.345003197,87.89754261,83.71887967,1
1012,4.74320048,7.745437951,1.093476379,78.2351872,81.00317316,1
901,2.818155577,5.29798994,1.693433458,77.07743994,79.70129395,1
589,3.628936801,7.893734942,1.833565167,74.05303926,81.12553537,1
702,3.980419224,4.936670394,4.963551247,77.00555139,77.73462796,0
410,2.632946613,4.439758573,2.44230126,76.93504732,72.41298003,1
1153,3.727722253,4.542459934,2.713796349,85.68365995,85.62332538,1
434,2.725817829,7.946683657,3.372447244,75.39962976,81.04960998,1
661,2.004924887,4.58136473,1.333132424,76.0225698,78.27335738,1
885,4.437420039,2.126419672,2.809901666,85.11235068,75.0981319,1
755,4.774313363,5.058411094,3.407010447,76.58375732,79.78620659,1
937,3.518313037,6.267017201,2.46920181,75.3084304,76.32636927,1
672,4.169975193,3.952748461,2.84361122,75.86771092,80.91193651,1
632,2.158753018,3.396352839,1.543052748,83.51276767,79.80001956,1
1157,2.049471168,6.205684772,1.458383473,80.07959847,81.86038474,0
723,3.729268136,5.26221487,3.731067684,83.84161525,73.90104113,0
400,2.524695553,3.885888553,2.317354064,78.57798319,67.87682467,1
647,2.672182899,4.847533603,2.679416021,77.4035216,65.83062115,0
771,4.264867064,5.675680948,5.563086039,85.02514638,82.46852707,0
1066,1.716881175,6.109691814,3.453199652,76.55559023,78.54754743,0
650,3.100163409,4.528618733,2.092896742,86.03799992,74.22668705,0
589,1.88333613,5.10447219,2.81354866,77.19893684,85.80408342,0
857,4.751073529,12.9566009,2.596232697,76.86325446,85.35447617,1
802,4.289458639,6.192935542,1.726641416,75.84790283,76.10566555,1
936,3.364813897,6.182247945,4.417287961,75.49151562,82.58005316,0
1673,3.550135231,3.171918703,2.232311633,78.06219782,81.12115814,1
478,3.697712364,4.802267452,2.292491963,74.78095604,73.64729432,1
932,4.342642965,4.70384704,2.155747571,77.8827127,86.92718668,0
929,5.200707543,8.031093676,1.336693872,76.97686307,74.46802246,0
787,3.997357642,12.11170795,2.39387423,76.62387818,78.52601952,0
1416,2.809944413,4.403403956,0.971006401,75.59610804,78.02903415,0
548,3.934513328,5.985997537,3.068311892,76.4998471,74.34540215,0
905,2.30947156,6.400908939,3.274320637,77.3532489,75.99187994,1
679,2.344697216,6.239320327,4.141437347,79.37230834,87.47332788,1
1703,2.973447779,9.823549086,1.474778154,76.57127709,72.90696811,1
736,4.819009267,10.29128001,2.307268338,79.79901927,69.88218506,1
744,2.005440386,7.039151098,1.704813542,76.86743635,86.67227449,1
924,2.768431763,7.054433956,1.371186751,76.16275034,77.87742296,1
1052,3.522196441,5.524576277,6.266875488,77.10356882,70.32025678,1
560,3.857081324,4.91699194,5.959520842,76.43504969,84.46152909,1
655,5.238672641,7.018372535,3.044268592,75.43161225,83.19964938,0
794,5.060360314,8.134557547,2.057678451,82.19162577,84.4368073,1
1016,3.914921932,10.33120817,4.932663993,76.07334509,71.52268355,1
558,2.047613105,2.190560109,3.495529904,87.12453614,81.07680157,1
529,3.870725201,5.120162329,0.884230475,78.27387986,82.72753638,1
536,3.107335323,7.474481334,2.590732856,76.85421729,79.5916449,1
1258,3.123135711,4.575126474,1.376610933,76.21573657,77.89765109,0
607,5.563680837,9.538330395,1.095139422,86.7564633,78.05162434,1
1193,1.732329735,4.576347927,0.797366846,77.56220395,75.59941196,0
742,2.17781017,5.657581504,0.960415882,83.63950439,72.81110749,1
566,4.255685541,12.60580617,1.387059592,74.88155424,77.86664196,1
545,4.611696343,10.9544307,0.920066693,75.2093143,70.86508613,1
555,3.919556059,5.64149302,2.970139284,74.98004819,83.3426301,1
861,2.373899274,6.371981103,4.39800643,77.01546054,72.3326544,0
880,2.961708849,7.530540057,1.770071583,80.17214385,81.99103038,0
510,2.331706038,5.643737742,1.330127179,77.29451947,83.51378615,0
784,4.764209075,12.13457989,1.40205215,74.26924303,83.38889341,0
699,3.05462039,8.429834206,1.285321304,74.46394754,77.15234251,1
445,2.22947703,5.755960511,1.80500906,72.68351093,78.06311933,1
856,5.032239756,6.93264496,0.890164314,77.31796355,72.53413476,0
803,3.752971372,7.105288105,2.769196314,73.95195546,65.87986498,1
823,2.977003507,6.582461945,2.492258707,77.89470388,77.84373896,1
610,2.535006913,4.56886554,1.740176765,81.35015187,79.56755879,0
778,5.294031068,8.276607869,1.138495318,85.41552122,71.20127164,0
647,3.202703005,4.658129585,6.095644534,82.62841909,66.32242994,0
1036,5.336089737,10.11225488,3.211716806,77.6282051,75.06725435,1
779,2.897515867,7.332963271,2.618214974,78.55960842,83.634485,0
773,4.241711279,6.816608561,2.820708624,77.93188908,90.93829181,0
763,4.260129132,5.229988182,2.93215927,74.74522758,77.26364444,1
764,4.926402834,7.832377738,2.963407118,76.73697699,81.32544523,1
936,4.30549588,4.9563285,3.000931373,75.20475415,93.89081552,1
979,2.815907828,3.574738476,0.903004789,75.81130704,83.48019262,0
647,2.122159847,10.43019248,1.38479987,75.41589982,86.83007145,1
645,2.981638895,5.415824035,2.308084464,74.85245831,82.76835455,1
654,1.862320394,6.392290273,1.116905494,74.41641171,71.14599549,1
713,5.111554782,8.196537283,1.679138384,76.55262884,89.82654733,1
914,4.149338249,10.12206816,1.689662905,77.14126477,83.50533888,1
848,4.143512581,2.86629221,2.521902353,86.77647934,77.87564948,1
946,4.948062414,6.773741014,1.412330911,77.81026468,77.31694344,1
1454,2.063374366,6.168260371,1.260120893,83.3722561,82.71824663,0
922,3.121464542,4.326641623,1.571151146,77.73531512,70.47608262,1
575,3.49206329,10.09540306,3.46116807,75.619685,88.14334286,1
987,2.86395991,5.319922695,1.375826635,77.54094358,67.74175818,0
655,3.049225454,8.558616624,2.135557151,74.35515872,79.54537181,0
394,4.113247754,6.705920375,1.690186357,78.44724557,77.33107206,1
817,4.064432726,5.51978122,2.017943697,75.82978981,80.66004973,1
948,4.412476818,4.26697848,2.042493689,77.21337639,85.66323037,0
468,3.055062314,6.469762354,2.873086613,76.33314371,67.51178042,1
466,2.707967716,3.720174628,2.261862962,75.65193473,83.37616191,1
708,4.645687314,10.25141825,2.385651598,77.11516592,79.42175814,1
558,2.503845601,5.907799289,6.562524424,74.5412561,86.24659676,1
650,1.994972056,5.051846495,2.098442191,74.16542737,77.15746361,1
901,3.70861397,16.151676,1.681929564,86.04128928,83.14996369,0
914,3.712221531,5.169226837,4.331322201,77.82501287,74.77342048,1
808,1.991122417,6.125850519,2.744537342,78.16278946,87.86718373,0
779,2.022409872,13.7865859,1.026768907,77.1271708,84.85805631,0
832,4.071541237,6.700027692,1.736726583,74.51005194,85.69583721,1
547,2.57031041,5.0083488,2.177492286,81.94331076,73.89534883,1
982,3.457331739,5.981950403,2.390488417,77.85675244,72.56615358,0
646,5.349087101,4.86907567,2.919987872,77.01940191,80.34321536,0
717,3.32553092,7.388977164,1.565634863,77.21903164,88.17929158,1
543,3.929593297,4.102122271,1.208073006,76.53476231,77.89015614,1
586,3.558887943,5.218662379,3.271067976,76.98348201,71.9368813,1
702,3.977847612,7.037400542,2.32611125,75.52801908,71.49561527,1
984,3.240893891,7.841039261,2.468800693,77.75429418,79.28157977,1
932,3.067649381,7.300653067,2.770631882,78.27853328,72.45354038,0
416,4.320120181,6.294239662,1.748682421,77.67866156,70.00755753,1
754,2.931880538,5.210594877,1.070077031,78.21956338,81.21398998,1
540,3.274324271,4.941901381,1.799691472,81.02684482,74.73556067,1
577,2.111356135,8.851221473,2.577856155,81.31749032,87.6514701,1
1306,3.007561016,5.721505554,2.437687101,75.59991945,73.8709031,1
843,4.215023638,7.051007906,1.551038509,76.06117171,79.49515225,1
633,3.96771059,8.28265852,1.184484783,76.35458878,75.19207695,1
1196,2.209003701,7.164731732,5.847464735,74.39894404,82.3305039,0
1580,3.58443646,6.079412958,1.753013706,74.05250087,86.36120073,0
899,2.294659847,5.300328951,2.509530245,74.45808708,81.88761995,1
546,4.474285023,6.124452574,2.140361677,76.20572915,82.00492979,1
1044,2.718954844,6.728985832,1.313152713,85.40472278,77.825875,1
669,2.460181699,8.380026547,1.851389286,76.51396109,79.44589727,1
906,2.862582911,5.599955943,3.181995002,77.12500114,74.44820295,0
809,4.664444875,7.566739243,2.691795159,77.20860926,75.2562052,0
1480,3.186473078,8.622550807,2.020006167,77.03681811,77.26976134,0
771,3.178259929,4.289521218,1.410251574,77.97215592,65.64138778,1
954,4.026268259,3.930679017,2.198983644,75.55837361,81.49932721,0
544,4.793318788,5.091567262,2.075425737,76.36299724,79.22645515,0
655,3.107896456,6.536969984,2.142271167,75.13153858,77.28476906,1
1069,2.056234404,4.454270242,2.014583582,76.13632283,78.30524217,0
750,4.207832374,5.771060274,1.145841435,76.91911807,75.7122308,0
788,3.271455264,9.214695573,1.3231722,74.24369557,72.71796648,1
769,3.112656994,7.250425958,1.622932395,75.70776241,73.16322133,1
929,3.236417514,4.826405555,3.003392752,83.46907423,91.2653399,1
639,2.395446026,15.29154848,1.773090805,78.14977156,68.16097154,1
513,2.55854354,4.15166431,1.325600771,76.09007686,68.69676335,1
706,3.26884623,11.14085626,2.85117451,74.50584817,73.07764835,1
504,2.588225269,14.6514158,2.36048047,74.03355649,74.76553711,1
500,2.567538163,5.767573666,1.780386018,77.08363334,75.62077616,1
496,4.130983299,8.779807104,2.847980658,77.01372843,75.72165465,1
867,2.767052496,9.885672267,2.738814527,76.10050041,71.63463411,1
805,5.68971182,5.797488374,2.394899101,76.69242805,69.39235131,1
743,2.18721828,11.57822571,2.923512178,75.71865552,80.99994,1
580,2.509516289,5.618440229,1.792702568,75.3872274,74.81088499,1
1127,4.119129043,7.851667349,2.41180058,77.10352592,73.51579975,1
573,2.600951224,7.681884252,2.256943762,82.32460163,73.40052416,1
526,3.784461579,5.071793624,3.200291888,77.09604338,73.13486589,0
640,4.913017684,8.011424669,1.440906772,76.59878234,87.19805695,1
495,3.541827446,4.438543557,1.428871405,76.48639841,78.52609268,1
1001,3.602950532,5.645136069,2.665976571,75.92280433,80.18772786,1
1031,2.601735452,9.338890774,1.278100545,75.73882297,75.24150258,1
350,2.621163247,7.159934114,5.625829499,75.27911634,70.46150653,1
513,3.527457283,5.162343985,1.9854009,75.85289581,74.39378583,1
729,3.70135369,7.875519808,1.698252532,77.88884354,85.01276838,1
1015,3.087603822,11.87377515,2.163798836,76.62488954,84.13962903,0
871,5.44632147,5.538444092,3.868734924,75.61115174,78.83181307,0
1090,2.579803726,5.05421045,2.323047127,84.14110223,82.11571916,0
624,4.393311082,4.761402086,1.184489763,76.29707902,71.26028187,1
1001,2.379043227,8.545446763,2.694457357,76.40226909,83.86688078,0
636,4.473452429,10.84639246,2.767049202,78.66533356,72.1258964,1
487,4.649650588,5.290202528,2.937316284,75.3214536,71.84423686,1
338,3.985187506,5.056964211,5.379134375,77.20979403,84.21774955,1
702,2.513481039,4.052145697,2.869271149,76.75566361,85.81556228,0
917,3.833969997,8.877870204,2.669104418,77.98279647,87.96292372,0
727,5.338423144,16.32532891,1.195041439,75.73763218,71.16741244,1
1141,2.596001408,8.334888418,0.892097105,73.09444769,85.58216129,1
455,2.881245474,4.396173805,1.883054533,75.58432184,78.84243542,1
560,2.042660093,5.01349931,1.665586957,74.38422146,86.69194756,0
446,2.791058793,8.700333072,2.509839689,83.21235851,71.68526777,1
876,3.833886479,2.739789945,1.94469492,77.45191053,72.45228745,1
695,2.609473856,5.305509074,1.877974716,77.82743456,79.34948392,0
450,2.814285683,6.066405919,2.484817165,76.81751268,81.26253918,1
721,2.524895927,4.06323643,2.898886235,74.09583348,76.82837594,1
965,3.676709515,5.276505333,2.088815654,74.23883015,77.52086189,0
666,4.872491384,8.249747308,1.454925575,82.22895635,71.84767075,1
908,3.470501796,5.52551932,0.722190861,76.62018416,77.35290759,1
548,4.144661004,6.187242772,3.967751861,76.78410276,88.21245615,1
1051,2.025690298,1.579126758,2.244480773,77.35493354,76.79087636,0
452,2.900880603,8.871212373,2.714009376,76.56167853,73.30901257,1
809,2.464741128,3.38910899,1.502912909,75.63571597,76.23936186,0
1412,3.181684504,10.53348577,2.357113161,74.7832193,76.79226114,0
949,2.97920783,7.777873183,3.481791438,76.39190337,75.05398869,1
590,2.949196491,13.41302171,1.941940912,77.6196316,88.41892632,1
771,1.816641563,12.07143759,2.303487118,84.84111542,85.69463366,0
530,3.195739533,5.897839616,3.126773128,78.06601207,79.40369255,1
669,2.453496973,10.83620617,1.101120679,78.88396503,76.9442174,0
628,1.998738288,8.219071968,1.457350001,76.24542113,92.02865188,1
622,4.189654712,6.390303756,1.483985541,77.68239407,82.18918541,1
599,3.821001494,8.738251593,2.827836212,77.4842476,78.45991994,1
1052,4.147681706,10.18849988,2.750342348,75.15635932,84.78884315,1
1204,3.401066285,6.446008889,2.68439707,75.12487718,74.84031436,1
777,2.396161847,3.567786725,5.14941401,75.78390827,72.40202804,0
697,1.901855721,5.619076845,0.718926178,75.77368402,68.15735024,0
513,4.831801302,10.26339011,1.160749582,75.80786411,65.90685359,1
926,0.879409118,5.93137593,2.780942803,77.57952636,85.30602236,0
594,3.032545073,4.556302583,2.247911868,77.86286826,73.74187902,0
534,2.386087564,7.348734465,1.315339394,75.36519231,74.10797925,1
516,4.496733394,10.88186109,2.12042147,76.73988785,82.05910845,1
373,4.88071996,13.70111607,1.58196657,76.56236802,82.01475006,1
1417,1.938052164,9.1422064,1.462340786,77.90093172,82.86640765,0
1243,2.035078761,7.458685801,5.102895736,75.83868473,87.23011336,0
721,5.411266572,10.19323773,5.691212089,75.23219669,70.39861521,1
842,4.385639214,9.070833333,1.537679365,75.94378817,84.02292994,1
458,2.423705597,5.024042493,2.748214639,76.76957848,90.17258957,0
1111,2.575110938,4.669751147,1.377955776,74.98533477,87.59036699,1
779,4.665822421,6.472353775,1.33776781,75.45896155,72.1509296,0
990,3.657748467,3.332366931,4.55715919,75.13754259,87.77622369,1
968,5.188625628,6.270315745,2.241498156,76.78155977,65.99415978,1
675,4.380166234,4.336278283,2.724558369,81.80574573,90.04736915,0
520,3.595404872,12.19896676,1.856997792,77.89996409,77.90551202,1
476,1.175037021,6.522007754,1.519683106,77.55659243,73.64690604,0
1005,2.433195923,12.62457218,5.625752207,76.43802377,85.22194077,1
556,3.154186964,3.705752872,1.646861734,77.05377373,88.69280909,0
673,2.643793009,0.80314664,1.713887148,75.06395364,76.51557991,1
463,5.324296804,4.718529751,3.250103416,73.87925897,69.37017576,1
643,2.62585753,8.451584951,2.909539711,83.80809091,68.85950411,0
1122,2.347645146,11.41776436,1.870544274,74.78831471,73.72633897,1
799,3.786665137,6.018546291,2.271481309,77.28897457,76.38266773,0
480,3.318197343,13.61420633,2.655872572,82.11663747,83.53791795,1
609,2.705205779,8.660233449,1.215120725,78.49708484,72.30078652,1
806,4.640850365,6.425595135,1.837094103,73.96081353,76.8348187,1
499,2.432218745,4.821924815,2.440448018,75.09229782,69.42102994,1
394,2.747945186,6.107120143,2.760992165,76.59607239,86.13233955,1
657,2.678798238,18.15762003,1.917904769,77.16523783,69.4883466,1
669,2.934501436,5.22674547,1.364169592,76.10977228,73.22422288,1
798,5.789154068,6.727879187,1.819378007,77.6019679,79.90657695,1
623,3.659539826,5.923683659,1.770490791,77.79142171,70.2716049,0
486,3.691285363,6.782902968,1.257225617,79.62570845,73.43658846,1
856,5.254808113,5.861384626,2.747196459,75.77312231,69.69750441,1
950,4.527297574,7.473155244,1.178215964,78.08048309,76.90203858,0
468,3.50525554,4.565857704,0.964297355,74.40842832,81.35524043,1
1422,2.844551111,4.968778575,1.51753093,77.21392444,74.40961204,0
486,3.106262468,6.842365951,2.300363924,76.69186285,69.4558559,1
934,1.400021094,5.883697895,1.32693576,75.59719262,83.94896656,1
753,2.57716623,6.761055098,0.725269869,77.75597394,72.62217823,0
797,2.441386523,5.729373006,1.705301327,76.23464967,66.08302469,1
442,2.990490827,4.492227257,1.068316152,74.50903868,65.78407281,1
786,4.452793678,6.176494094,2.015618417,85.24883399,68.92366294,0
1326,4.571570519,2.016386206,2.384601261,76.28845606,71.68572113,1
539,2.596259363,8.562522465,1.920868163,76.78747385,75.09478245,1
979,4.6353256,4.012393306,2.742557719,78.09217945,83.30169747,0
892,2.785576777,6.017582225,1.515863559,75.01025614,74.29215491,1
804,1.922464213,3.879553942,1.753843364,76.86306499,80.88781691,1
1253,1.949298484,4.948504873,1.688308329,73.24112098,88.66520272,1
643,2.950106243,6.331463757,3.373776994,77.50506229,87.5902284,1
637,4.141045252,6.828234578,1.787165992,77.2377819,73.85617551,1
1417,4.143646404,5.39840858,3.364959846,76.09411772,77.83242268,0
743,3.786983451,6.780319651,2.653834822,80.43103469,81.11985219,1
1160,2.497388261,4.635109754,1.861152806,74.02667526,68.69180777,1
800,2.841431392,6.841369399,1.655518342,83.51191683,70.31626348,1
724,2.370686585,3.523010854,1.807513495,78.34027569,84.68887138,0
955,4.963756234,9.417035289,1.527089416,76.73362152,77.30735785,0
545,0.337845121,7.657709633,2.994325165,75.1457734,83.45332437,1
1033,4.015978599,4.044618546,1.368561782,78.41091049,69.72617742,0
704,3.101189899,6.200336545,2.505914271,73.84855233,73.09413048,1
697,2.599457309,2.939082897,2.7041958,77.89968286,77.36753278,0
696,1.23724574,5.824023235,1.529240391,78.33953377,73.98565463,0
813,2.776082172,6.992621253,1.834924141,77.98790558,79.86000532,0
1009,3.209839386,7.493684613,2.161047288,75.90726088,71.98248924,0
634,2.558161298,5.412969718,1.47413033,75.78857796,79.28784156,0
1676,2.587583937,4.534062655,0.9841257,76.60434953,77.47307873,0
471,2.512814861,4.528241316,4.143372128,74.9652483,79.89538243,0
1399,2.826051793,10.48430856,2.899174177,74.33791757,80.12952679,0
1184,2.372619137,6.617618572,1.496243819,77.28210117,79.15375025,0
525,3.605296978,7.269573715,1.475089498,78.0849306,72.35280721,0
1087,5.623546672,8.442567004,2.13805294,77.0926412,67.70333335,1
558,4.1188304,15.08981432,2.511858479,76.34354295,83.87659472,0
742,2.855960045,10.39567944,1.699947808,77.96713451,77.63521743,1
1162,3.218346225,4.144848718,1.991936093,71.97207929,77.10164404,1
391,4.298077699,9.091678928,1.885018147,74.50436786,65.07200665,1
690,3.075264182,6.995678949,2.526344063,82.7996629,75.50569499,1
982,4.403864564,7.665391403,2.449049831,76.33439804,73.0484552,1
1795,2.282006113,5.816654013,2.217835393,75.43459898,75.92142087,1
887,4.967871524,6.179469917,1.405410024,80.05187421,77.34001309,0
487,2.935117405,7.951150893,2.946643362,78.12356843,72.38195379,1
603,3.961661298,4.789571666,1.69318621,76.97952642,79.12642552,1
689,4.153982749,5.458929857,2.027492279,86.66602049,77.09586295,0
679,5.196938868,7.774482998,3.733475712,77.14502243,81.80981925,1
695,3.143582285,6.838270946,2.228398147,78.54863467,82.61761671,1
693,2.093544942,4.722262731,1.780643353,77.8282518,84.21955571,0
390,3.813363653,5.454983145,2.540059383,84.04053844,81.89853772,1
774,2.972352783,12.65763674,3.348651662,74.64236761,66.95157879,1
858,3.36083836,6.634497918,1.2239046,77.03183007,84.14756233,1
812,2.838576665,9.361612082,1.364009987,75.6222869,74.23942107,0
818,2.851041777,6.522014704,1.049731058,73.76684632,85.68208312,1
772,2.00148043,4.943112806,6.039048297,75.14726974,82.69574228,1
1054,4.195705902,4.579131001,2.736206315,76.92443906,71.35358111,0
615,2.298854664,7.428380008,3.62093427,87.12326517,82.77722432,0
697,1.861795823,6.641426983,3.167060384,74.52221442,86.4215026,0
572,3.73973671,6.79913136,2.844199749,75.32010817,74.81388319,1
722,2.368615465,3.747567112,1.356143696,78.79095829,83.20445824,1
1298,2.101732243,6.195720241,2.094063528,75.84920227,78.96798987,1
893,2.817946572,6.62062814,1.567984372,75.80528798,74.36295653,1
984,2.485725522,3.066424544,2.676181288,75.43894976,86.53411917,0
945,4.757571329,8.730620092,1.758604444,76.63842165,73.63254036,0
803,4.453384904,3.140929178,1.786171957,82.4747702,72.0904089,0
1294,4.417271295,12.57025147,2.445931494,77.41460426,72.18097953,1
938,3.448496341,6.973979023,2.632367358,76.37584438,76.61213208,1
770,2.316194484,7.569784801,1.342864574,77.16451354,79.88928579,0
799,3.188121536,4.362496917,4.598425847,74.99810683,77.89609672,1
637,3.376539991,4.409463337,2.145878934,77.7390605,69.62215512,1
584,2.722979649,12.47515027,2.615240663,76.01846537,82.12625117,1
693,2.594408312,5.459545693,1.307809658,75.97757477,80.15423568,1
630,4.345458164,4.895514348,3.420170243,82.20277796,73.69672444,1
424,2.34466773,10.30137936,3.460688112,76.5907265,89.04011492,1
608,4.975467378,7.789730373,2.067665689,77.13085552,73.90755935,0
1306,2.826025825,7.786784613,1.088878999,77.19207384,79.42316298,0
414,3.441587167,11.12641283,3.020758238,76.64332627,68.16172228,1
1226,3.295938572,4.337381832,2.875898777,76.0619843,78.3329858,0
1023,2.917935997,9.005321605,3.21711527,75.43941449,93.87062064,0
527,3.35278661,2.968112459,1.983570236,75.64074144,82.361561,1
1341,2.856092785,14.86914018,1.658590657,77.22870576,75.10064279,1
2020,2.48341279,11.08509924,2.469866156,78.88616054,71.32929922,0
632,2.210107383,5.564554441,2.424056766,84.52940817,81.68886539,1
1807,3.727537246,14.1404286,4.446768655,77.00818996,90.36922152,1
672,5.852483303,6.092373685,2.218946222,77.81178452,68.72709047,1
370,2.382148744,4.373560376,3.020646985,76.73040964,84.84346506,1
599,2.593060232,3.681300405,3.656685446,81.88668034,73.95004089,1
965,2.440711581,4.469179783,3.162790143,75.27195772,79.40712813,1
1072,2.657262312,8.598802568,0.408093477,78.22166928,75.59830043,0
504,3.882175226,7.590201445,2.348533163,75.1659395,73.25839349,1
556,2.122909691,6.132972775,2.448022767,79.47754873,82.21792857,1
646,3.787636063,10.02478837,2.66190519,75.52010661,69.08087132,0
641,2.83543264,5.878262074,2.989260644,76.58897726,75.47879447,1
432,2.343959025,10.06437538,2.122863255,79.39111376,79.57090677,1
671,2.758584249,7.611584899,2.34387876,76.54560425,70.74572914,0
630,4.361877252,3.164085059,2.899719594,86.04206264,72.59234712,1
405,5.200945458,8.444788221,4.199535937,77.37728773,87.68123893,0
765,5.078868833,7.017749506,5.907164184,76.06245715,68.27341024,1
448,3.131737478,14.93506628,3.014618078,76.79300373,82.81219112,1
902,2.20533428,6.227453891,1.770624962,78.97644475,87.20654798,1
883,2.22196529,5.866097336,3.175779966,76.55866494,83.53124009,1
419,4.859461148,7.125409616,3.439479267,75.0812051,81.34721342,1
1260,2.069469929,6.428875785,2.280429596,74.96931001,73.61501684,1
663,2.122412648,13.3981076,1.952660367,75.27465843,88.61469362,0
701,4.815453192,3.733507655,1.741429678,76.9529434,64.13237881,0
1435,3.727336254,5.768029396,1.480088649,73.73214679,77.64430463,1
703,2.340012779,7.352574219,2.822896504,74.8565538,79.28621271,1
453,3.976429606,4.613030261,1.660466387,77.93039641,85.86340955,1
1187,1.923057372,6.736463153,1.356884742,76.52459631,78.45968302,0
515,4.476242046,10.31081102,2.411985381,77.72116514,71.12334974,1
718,4.167635627,5.413612877,2.45742029,76.50249055,82.97634977,1
290,2.204520411,5.905334625,2.805542584,79.28485191,67.48804167,1
1360,2.906589129,6.071670385,1.781725069,80.49106207,80.20161493,0
1297,4.450192974,6.573487886,1.328963492,81.46145405,87.49971499,1
649,4.014151431,8.529781299,1.844954846,74.53384172,80.18416989,1
841,2.53271243,3.501505791,2.581695138,76.29418013,75.90869751,0
1007,2.645025359,5.071646524,1.835277827,76.43753025,87.24031124,1
981,4.402885481,7.191569395,1.995194412,76.99078365,82.0166502,1
606,2.516178849,5.784915589,6.090578747,76.72518816,75.82546907,1
648,4.010163014,3.579688122,1.803238965,77.40135707,81.34866343,1
1058,2.640920703,7.873952821,1.348992392,73.97488796,76.86724207,1
1264,2.808550273,4.985001994,1.215465125,76.92144073,70.42591691,0
746,4.569531768,3.174606377,2.716643858,76.01734712,87.73221093,0
653,2.464127891,5.118952962,2.750049936,87.03236981,77.17221533,1
928,2.04262772,4.031457946,5.24141599,78.05459622,72.23750917,1
405,2.008248615,9.191454978,1.939528941,74.01876409,75.48308291,1
519,4.466059732,5.070126925,1.183794717,77.64549184,66.70421274,0
891,4.528021331,3.572741557,1.946306251,82.84262291,72.02084281,1
1348,2.28424183,6.47128685,1.29681513,75.18754369,81.30054697,0
704,4.825239614,4.494031097,2.208456499,84.95431313,89.1669266,1
729,3.120852568,5.079787241,2.143268554,76.33628092,79.72664887,1
866,4.683933445,8.391703366,4.535613645,75.92236648,81.69453356,1
530,5.395986022,7.142557392,5.594551342,75.48257731,83.80550301,1
820,2.406798538,13.46706152,1.782779549,76.34840336,80.91617403,0
900,2.950568722,5.612963401,2.452603992,78.07809096,73.2099913,0
907,2.699196356,8.414517176,0.331061913,78.92605837,78.62994756,1
1242,4.472304801,7.633167276,3.757121194,83.76641722,67.13957887,1
893,4.168990557,4.997315674,3.421235523,75.00714511,82.72105406,0
640,1.875776862,5.371007115,3.211737953,77.22746155,82.19011262,1
618,4.259119782,7.581517005,3.45347215,76.90093814,84.34121712,1
677,2.660844408,5.689062169,0.981733434,86.09413478,78.65402297,0
497,2.9368327,7.593044852,2.296531372,75.82481484,79.69271946,1
1127,2.38704335,5.042559712,1.475445222,76.55274157,87.71314609,1
716,3.568895727,5.312266428,2.46106708,83.64658857,79.79241081,1
649,1.757340275,0.671118274,2.947765862,77.94745523,77.75162377,1
1559,3.72186362,12.55192422,1.978233551,76.72876075,76.12507519,0
973,2.183900268,5.793053328,1.62232885,74.07021701,90.88778439,1
523,3.528346577,8.289615883,2.270834353,75.54250058,79.76665969,0
669,4.772174097,11.38835376,2.461889279,77.31795461,80.48663738,1
816,4.220894563,6.785162035,3.181042335,76.92971084,76.53737026,1
995,3.150974617,5.307758213,1.554362773,78.23107527,82.7574553,1
576,1.931838037,4.86541874,2.558533731,76.97495415,77.91923174,0
835,2.853709868,12.16361837,1.698597492,78.31504925,71.2861382,1
838,4.047844447,3.651515202,2.797518249,76.15304137,85.27640839,0
624,5.434597956,5.174174834,1.365439593,75.42343077,72.2180813,0
710,3.187427163,4.332324625,1.441660207,78.65985758,86.2608233,0
376,3.528246176,7.485242208,1.300370984,75.28101982,74.91562605,1
915,2.957126584,10.91519063,2.682538609,76.89868102,79.65903752,1
383,2.307080884,12.14488152,2.800658469,85.63443008,80.67985844,1
786,4.177841983,10.81461608,0.866864608,78.35063859,74.14392684,0
434,2.02221058,7.296464227,3.127282191,74.99135154,80.44095425,1
940,5.436204974,5.036528615,1.534481903,83.42970187,77.65910446,0
484,2.307552978,7.963901682,1.716999681,76.42196642,77.56625017,1
721,5.588366297,3.722722011,1.360447912,77.81170253,85.02043348,0
925,2.441675872,5.564504498,1.357977074,75.18168014,78.99163543,1
797,4.004279277,4.947867558,1.77210836,78.50968748,80.8851851,0
965,2.396047767,8.135028858,2.123089281,76.74315824,81.64228563,0
639,2.233296461,6.824969028,2.798976164,82.17162048,85.37685876,0
564,5.442297046,3.874103996,2.730921491,74.90933393,84.8297755,1
659,2.894886722,4.991706009,1.881455426,77.96910074,77.33694868,0
677,4.683190117,3.801646039,3.067000864,77.89470495,73.55139554,0
883,2.262759361,5.188752172,3.772193734,75.48282386,83.79895028,1
509,1.961584667,5.533621364,1.671211367,79.03543277,68.70422814,1
989,3.319691057,4.52815171,2.988880427,75.67185275,86.28579702,1
715,3.343826629,7.749627881,1.34426068,76.59409007,69.50735758,1
804,4.257403928,6.873748476,2.224280464,76.62484044,76.16357211,1
1294,4.461226757,6.811442581,1.182381005,78.22617184,85.01906217,1
814,2.233378116,4.731664516,1.735126769,77.34600088,85.93936762,1
950,5.3097415,10.10625934,1.057721494,76.36927799,77.35814175,0
847,3.374748544,9.370922343,2.138950336,84.58425535,85.77548447,1
971,2.946072004,5.0351163,3.228570166,75.60645113,75.3112586,0
892,4.766785688,7.424992483,1.162391868,80.3270033,87.03468664,1
967,3.882548498,6.823336239,2.347255041,82.06541207,89.23914162,0
541,3.934739506,7.565581708,2.913477208,77.55864971,78.72817025,1
1223,2.010171328,5.020537929,2.902711946,87.8318864,83.38470737,1
759,4.542509201,6.509747422,1.536836349,75.47592702,78.05539742,1
850,2.177646345,6.194140114,1.106044396,75.4599809,77.6074266,0
589,2.05068795,8.368528613,3.142069213,75.22897588,77.6408445,1
767,3.710439866,5.198607792,3.086839545,74.13981972,77.97983197,1
699,4.602142311,3.331015429,0.805562024,76.85278503,79.45571762,1
667,2.28977818,8.126477336,1.61177657,77.5565593,81.71476828,1
845,2.97711104,7.607970874,1.843175629,76.93210567,84.4205799,0
1400,5.875433089,4.593164533,1.858983697,77.04442339,74.60777072,0
1453,3.492544792,10.67123593,2.010299388,77.70807573,86.47799913,0
751,4.389101919,10.21421511,6.14227036,76.06718273,67.64077027,0
878,3.98337303,5.049227203,1.44670644,76.32187694,73.82757375,1
679,2.941300447,7.880442478,0.989406989,86.1320727,86.30884451,1
854,3.701387056,10.27598283,1.610027008,83.98789429,70.13915142,1
818,4.929050394,1.786107445,2.170494921,77.51360719,76.35716967,0
587,1.847834991,3.894621384,2.458138862,81.5249289,75.57585303,1
293,2.758090865,7.187317083,1.355622122,74.18520365,70.16436697,1
777,2.430306091,2.658692143,1.269290204,81.96859719,81.57992356,0
1384,2.181792499,3.698334403,2.20752258,75.77603418,89.07256634,1
553,2.806774845,4.828042052,3.326148468,77.75361303,88.98668084,1
630,3.134031917,5.139624786,1.672482088,74.31603969,74.6568726,1
561,3.181774329,3.683978105,1.596879236,87.3673299,67.31788661,0
625,5.618394192,6.188778205,1.13334833,74.16153565,76.83206766,1
989,2.533155191,3.896366317,1.082072764,88.65971036,69.43383746,1
963,2.756809078,5.150610344,1.1852589,75.87988921,84.35038988,1
1381,4.409951867,6.871637185,1.591179535,76.30511228,73.80566753,1
901,2.51266052,5.070587315,3.746546833,77.61652614,82.70676637,0
1553,3.404830209,5.522277242,3.652321623,77.01510992,71.56307277,0
766,2.888299374,14.79536963,2.813300778,74.58973602,70.70639254,1
1063,4.159509188,3.473125554,2.73265285,77.76626867,72.94487224,0
942,3.073389688,4.503732677,2.039658198,82.07166077,73.28905053,0
577,4.13847171,7.205371118,1.808373739,81.73722967,88.34008927,0
574,5.111936455,7.517836033,3.010890474,74.53326466,87.48228181,1
1188,3.193229919,5.985348266,1.482826603,79.49192828,80.98364135,0
643,0.110167271,7.16721522,1.714878951,75.99370731,72.71021834,0
522,3.777118407,4.575687005,2.681627092,72.92191494,72.02110652,1
643,3.269944661,7.63188957,2.405397527,80.7314011,81.94343027,1
936,3.706628305,8.363054813,0.978452723,77.39988597,79.73961354,1
629,2.885798743,4.555053959,5.271442995,78.06314995,76.13350029,0
555,4.648258015,5.763499326,1.578280908,76.76346695,69.52965545,1
576,4.464588772,5.109244308,2.616664022,83.36370301,79.07216271,0
1311,4.777610106,0.56835087,3.207917173,83.52434153,76.93535156,0
769,3.517000043,5.784346899,4.08151416,76.7829521,77.61914336,0
726,2.542559171,6.797359633,3.783169852,75.60649887,71.80213855,1
932,2.815096588,6.404641238,3.449429975,73.67445697,80.86991914,1
902,2.102726794,4.771160568,2.723939318,77.38591843,75.60663997,0
831,1.837292327,6.154573143,1.883470574,77.01840545,82.66083187,0
508,3.590538026,3.88940574,2.654727126,75.23223384,78.54298307,0
592,4.85759591,5.610891865,0.920847789,75.62335623,75.36680212,1
1203,4.470516074,3.565659079,2.647119783,81.58893138,78.70266394,0
642,2.212770242,5.483986274,2.012947005,76.39796402,81.26684277,1
1033,2.310467297,11.60379665,2.492930831,76.93842328,70.76006509,1
589,4.830294651,5.83754404,1.07975834,74.50037366,87.0921937,1
1469,2.259332622,6.838668762,1.910975965,77.55079287,77.40901963,0
1439,1.697600297,5.528137131,2.708539539,85.43237145,88.10363482,0
760,3.986415358,4.658431468,2.964670728,83.19692977,74.54484462,1
502,2.23336461,6.612360089,2.450774663,75.3524941,74.57510328,1
769,2.788219428,4.62341352,3.160683527,77.08532514,81.04837782,0
382,3.56273632,8.723508911,2.465623996,76.55782208,67.42636961,1
968,5.069016071,10.73942024,2.97436069,80.47363063,80.64470465,1
434,2.235895295,7.95014947,3.361778764,78.41445102,66.80781646,0
899,2.81327559,5.57747507,2.303722125,76.56670291,82.4769303,0
817,2.204623305,5.182421678,2.915452143,75.60044877,85.79395792,1
536,2.418929608,4.059167519,1.230569411,76.05777405,80.12623457,0
687,3.644117127,7.678730165,3.373525215,82.75098217,74.96335689,1
895,2.308604285,5.742811854,2.736399803,76.00099543,81.46931051,1
548,3.581258333,5.569031746,1.339277033,76.21850205,75.98091757,1
672,2.778331808,4.95837802,1.536970457,76.43696218,91.55710081,1
1061,3.128954876,7.045857062,0.81234376,75.80378876,79.58413186,0
793,4.863275896,3.840321356,2.208231245,77.3315183,67.6456574,1
865,4.42329884,6.472040634,1.938270447,76.16462113,74.88412877,0
466,3.239127568,6.136681703,2.297071418,75.35635113,82.99428541,1
729,2.173202336,2.613106079,1.93032149,78.06924457,91.12922978,1
431,2.048145306,6.050742367,0.796055245,76.05105411,73.48234061,1
1448,3.554559674,3.250682436,1.897099765,87.74392205,81.7398921,0
777,2.878184831,5.310217663,1.92796711,77.3427578,90.10934981,0
666,3.221341415,7.258822124,3.12498683,77.13105702,82.75510292,1
635,2.256374501,13.7342357,1.497994229,75.56522819,91.05558622,1
1073,4.240177978,6.29959875,1.686174819,80.64431361,82.47058741,0
549,4.262793206,5.884714956,3.151801252,73.95235574,81.32063764,1
555,3.095508952,5.184542545,3.345983715,74.28669214,80.44991043,1
891,3.044005131,8.83045821,2.516860669,75.95231904,91.25436603,1
987,2.814294369,5.775406567,1.319907532,87.46444768,86.98273946,0
1122,3.380367116,5.252627596,1.46389222,77.48991131,75.31553049,1
1818,3.751616349,12.11595172,1.581086828,75.23904848,80.29973739,0
782,2.725019116,6.397499225,3.064008785,75.90012414,71.09719828,1
673,4.82053344,5.404337342,2.583415814,75.60143052,85.64046006,1
406,2.936676762,6.800314321,2.553606777,77.58322704,84.24390999,1
576,5.255375966,6.575026884,4.963053286,78.09184626,82.0509277,1
664,3.272210911,9.392983393,1.305529582,76.31968506,84.13790928,1
731,3.191645747,6.062738406,1.706902864,75.40735696,86.08986756,1
646,2.970223337,11.05081933,2.515905549,76.0932441,83.63435594,1
977,4.098962814,6.885957714,1.550109645,76.24063984,70.13018402,0
1453,2.965188799,2.350850006,1.567882339,79.92916404,72.52551075,0
475,2.944083804,6.583693308,1.525618624,82.68646621,79.57409024,1
710,3.4038254,17.00084093,1.83101102,77.57896312,79.75246101,0
591,5.123725563,4.993604166,1.592677582,78.10223085,75.03778121,0
791,2.766349304,5.886468867,2.034547076,75.5540573,90.29590564,1
1327,2.551879589,4.101574391,1.474735792,77.42505673,71.97270826,0
1409,2.448422767,5.076747645,1.108731269,75.4988097,86.8697318,0
708,2.974659072,7.780157667,1.335795661,76.24621614,74.34456668,1
963,3.494547013,7.366687015,3.273426802,85.0548841,75.80405661,1
660,4.057388296,9.61608454,1.429386053,76.01158933,74.91064746,1
615,2.399981329,10.16321641,2.78011642,76.93075723,89.25354826,0
462,4.370345053,17.00675743,4.743697852,77.43783563,75.74848588,1
800,2.406448515,6.549868843,1.235673947,75.84644388,77.94185392,1
774,4.515213747,17.32980004,2.717339432,74.02491828,91.43192304,1
463,3.138034143,3.427174056,1.277604238,76.73398664,79.99170203,1
907,5.392381546,7.709795099,1.07219056,85.17955533,76.09943966,0
1201,3.932275229,7.060805577,2.352036912,77.23404939,68.55787469,0
779,3.514625009,6.938582853,2.326320365,77.35663011,76.61238009,1
659,3.287323027,6.604969848,1.6125862,86.40179569,83.24735947,1
396,2.399426756,4.804896005,2.633783714,74.16686141,77.32835525,1
818,3.237885412,7.342384793,1.482629551,80.37640466,66.56714202,1
738,2.161308241,6.693774554,1.940092167,78.74090222,84.38789731,1
571,2.509129872,5.402975081,2.94493097,77.96363961,86.52179194,0
1709,2.592043927,5.89704056,2.009877421,77.25817748,81.24867399,0
593,4.221003897,5.201882408,2.936638805,75.90059769,72.7352319,1
831,2.370554308,4.95824818,2.748744632,78.11830726,71.6935136,1
511,4.145238271,15.34962468,2.540344354,77.50872306,69.87136829,1
1242,2.940193286,10.16430784,1.099739284,80.73496162,77.77419587,1
458,2.724408765,4.24636014,2.320234166,76.07455116,86.1236426,1
845,5.262976775,6.093833717,1.910661398,75.6030235,84.14588186,1
517,5.492351187,4.887902233,1.043780857,74.97578536,77.49571886,1
1345,3.459253405,5.465382674,2.435810599,72.62190365,75.64883282,1
657,2.450562395,5.593865159,2.509313103,76.03987291,72.86177145,1
1322,3.604205435,4.704084337,3.156748864,77.02486102,70.80175155,0
782,3.707036029,8.331262819,2.069628156,75.45546512,79.55876509,1
522,4.866329889,6.078352627,2.473434351,75.08802078,74.3304086,1
476,4.168776301,6.224702031,3.143250795,78.70727021,83.83666504,1
534,5.922045388,18.04468571,5.946436035,77.29279073,74.73437228,1
739,4.866686157,5.400781047,1.671129593,74.82611838,76.55825586,1
429,3.645413297,6.938714975,1.719368583,76.66058612,72.77808768,1
737,2.230102536,5.284332196,2.787959368,76.95731559,69.07499218,0
885,2.9356719,5.9791638,1.329621735,76.44979276,75.32103706,0
690,4.293101066,6.115605483,1.956296921,76.55148473,76.7999658,1
622,1.976496902,5.075257766,0.107432201,74.12090692,81.98052249,0
567,2.005400898,5.126508522,3.061752938,85.15965021,87.35887597,1
841,3.798999298,9.094820419,4.80378804,75.87205135,81.72973602,1
423,2.96629279,6.824370838,2.455785526,77.55663557,74.69922256,1
568,3.000969364,5.420917152,1.813403004,76.64260782,77.04412464,1
525,4.366174537,5.993565597,0.799098833,75.28904154,82.50379322,1
642,4.485532059,9.837701654,3.243011636,76.49378323,69.87860023,1
1048,3.678395644,7.841746511,1.615117034,77.12252965,82.88309149,0
931,4.081100981,6.30706087,5.853354098,81.39530997,89.85764539,0
1190,4.596713219,8.118890312,2.416075421,78.65720947,77.46713744,1
551,3.571010198,5.439533996,2.237484487,78.09194469,85.29493963,1
622,2.538549057,14.24322453,1.942855835,78.2809788,72.38027948,0
911,4.582996146,6.370151455,2.522057361,77.88911762,79.58862292,1
688,3.249065272,9.32106826,2.129107232,76.73309361,69.48150013,1
591,2.385254106,5.302298264,3.250646489,85.65459901,72.21877313,1
701,3.072903006,2.875460079,1.531374512,76.37243677,77.33280416,0
749,3.095541248,6.136058888,1.843783669,75.71397306,75.40886311,1
429,2.304550199,6.122140977,3.992141607,77.15459668,72.72606531,1
920,2.460961596,6.556940736,1.440644251,77.89074085,70.73027774,1
577,3.178755046,12.09133308,2.052876541,74.26058792,68.65545338,1
1346,5.457317799,6.389844596,4.563759316,77.24904438,76.80510654,1
489,2.330998465,4.966147146,2.977901838,86.20569191,76.845172,1
863,4.053618404,6.081539476,2.403303107,76.68209114,73.47751632,1
801,2.055937889,6.429183235,3.157094198,74.48421478,76.42009325,0
710,2.109418273,6.544648188,1.796547846,81.23144505,75.15723359,1
708,2.522066408,5.337188513,2.581806788,75.76195427,67.93846755,1
825,4.230492508,11.8284718,3.801889532,77.44086291,77.0445369,0
1649,4.25784464,8.006562125,1.836978561,78.21644004,74.74237909,0
1129,2.661456408,7.424962083,3.568117162,76.5697016,80.61987681,1
650,5.842101745,16.24970946,1.307007512,74.32491766,68.44568062,1
706,2.312682393,5.003266103,2.706935828,74.8552848,88.70169682,1
657,3.780978011,3.851607183,2.686877362,77.13155062,67.75461059,0
769,3.708547427,16.56635434,1.134408724,74.68380751,72.92146285,1
422,2.39074303,13.46725807,1.621002589,77.81819654,89.00070594,1
545,2.787865803,7.48304481,1.471312691,77.36971463,90.24659447,1
816,3.605625485,7.99559945,6.459727964,87.43321273,83.68062991,0
1041,4.387398831,5.123658653,2.235981961,82.30261617,84.33113314,0
1252,3.558960062,4.13136363,2.414307572,83.67884638,75.12434171,0
742,2.497885769,6.012440562,4.851827005,86.05955108,78.28399572,1
537,5.06511561,5.87301628,4.546067545,84.90260686,67.76947733,0
560,2.955638546,4.523425916,2.443808206,74.58401606,75.44913253,1
1185,3.764830046,10.67399172,2.249565729,78.4875236,75.17431356,0
1014,4.317007929,9.773086772,1.699580485,76.41316751,84.48694888,1
499,1.954928139,8.795584313,7.478504946,75.09981779,69.62034279,1
766,2.686738821,8.367201804,1.454911565,79.09763135,71.61800609,1
808,3.447234697,2.482351652,1.325859246,75.65853848,69.8405923,0
614,2.086895631,14.02218227,1.249489541,82.2891002,75.20428439,1
919,3.505067408,5.329308523,2.204675801,78.01822421,84.04874755,1
1386,2.57541003,5.920830758,1.739166492,74.27181333,74.66183155,1
731,3.116680743,4.542020082,1.495040689,75.07258277,71.54535511,0
1454,3.640543924,9.960044663,1.23469588,76.79830768,73.64511728,1
675,3.176380538,7.76915485,1.962670099,75.88763818,79.2025656,0
532,2.467839789,5.624722598,1.493347254,77.37958608,83.93935755,1
729,2.4462153,11.79683407,3.29701383,76.15530129,76.37625864,0
659,2.811471732,13.13086292,5.917269774,84.5385616,68.01697804,1
799,3.814036841,7.332109958,2.616439059,75.85508519,77.29348691,1
655,2.298978486,7.06818006,2.704181302,76.86676342,80.54501021,1
1221,4.420860074,5.888118911,5.204646773,76.78706904,90.00672576,1
419,4.57154013,6.922746337,1.705506859,85.63961566,81.84639359,1
1198,2.440425943,8.210367424,2.865965238,82.56542871,71.12925694,1
760,3.232617652,7.884844229,2.254186602,77.21564281,80.06935965,1
562,4.46827228,5.703565042,2.145972855,75.46214903,71.54610866,1
1015,2.712149852,3.004857504,2.306884517,78.79250673,89.43033769,1
495,2.842188453,4.035040682,1.047627476,75.38819854,71.28597997,1
1014,2.58294141,5.799565729,1.38006758,75.77994568,81.70782867,0
466,5.298166464,6.815532761,1.567105002,85.35320353,87.19484357,1
635,3.739464096,4.728120572,0.972279777,84.18171553,78.01053643,1
572,3.981359296,6.781867589,1.482523246,76.70600342,84.05740073,1
623,4.254785688,4.24093606,2.382120199,75.09879563,81.74611238,1
630,3.322102262,6.524635022,1.149828212,78.04168724,83.13156458,1
887,2.636507521,5.878944736,2.21226143,77.98889823,68.8904215,0
562,3.19174229,8.513473376,3.411395567,76.86648278,72.90573146,1
1029,2.528493127,8.954362302,2.716114248,75.95288436,76.62333628,0
661,2.589186055,8.001568968,2.240260749,85.10212117,67.03968622,1
575,3.24424519,8.132846689,1.321830734,76.59776562,81.90330084,1
1108,2.50116872,10.52448274,1.046682725,76.32036169,79.41457456,0
655,2.319822974,0.461502005,2.579275199,82.75458381,83.24062662,0
667,2.503400468,6.063999086,1.846346593,74.96774751,92.878094,0
917,4.949187021,3.762745802,2.647368279,78.46297792,83.05069722,1
538,4.016252205,5.893532433,1.760767483,74.72085728,71.32541701,1
773,3.10559357,6.041097879,1.778491757,75.16025506,79.58776445,1
914,3.816660445,6.852273779,2.980202813,77.52203411,87.7946977,1
817,3.211817901,3.615898912,1.896972247,76.48864671,69.8226272,1
686,4.085525589,5.813183691,2.50513748,76.00755455,88.99498839,1
598,2.584260828,6.572258544,1.897032529,83.01521413,80.17176832,1
804,4.42809431,5.128828419,0.969035896,85.90023505,76.08048366,0
766,2.662948827,12.27024893,1.944767603,75.40208888,65.90760433,1
866,3.974161795,6.687264764,1.609015243,86.3115522,73.90595631,0
1292,4.504137567,8.657419753,2.959173557,76.50431081,71.74080651,0
516,2.707436598,5.216034178,1.524931963,85.02993333,78.18885701,1
1023,3.852879399,7.704375111,2.83939311,77.21476599,76.43678719,1
868,3.945356561,8.350786424,3.069377381,74.01045728,80.58477605,0
592,2.859479043,1.45282542,2.408825717,77.96289888,81.58815929,0
1165,1.757135622,8.404612748,2.682456745,76.80375821,85.17412268,0
752,4.243405773,3.028921874,2.682482034,74.32745219,83.65438671,0
1398,4.826571267,3.942889777,2.193686229,75.38408389,91.11211978,1
430,2.726980432,6.17634808,1.677279733,77.19995785,73.45099061,1
1157,4.515704754,4.627772881,2.788218804,75.29746852,82.76402459,1
1144,3.083325881,9.878315094,2.603862045,74.69718166,80.83447541,1
680,2.344083155,6.19247068,1.544709709,75.56262439,70.72586474,1
831,3.99666826,6.209742408,2.331627855,75.1023199,68.88691916,0
730,1.764367962,5.684769465,5.167029476,82.56907233,84.16267034,1
596,4.494969753,4.6567921,1.600616412,83.16080138,85.61298049,0
895,4.04799655,3.554482477,1.944351519,77.47287399,70.27833185,1
1855,2.664239016,5.39647153,1.511626514,74.72177134,87.33864573,1
783,2.801079103,7.613898076,1.240807314,76.33394051,70.02448517,1
636,4.114348276,3.965918793,1.251276072,77.3692842,82.96124372,1
410,3.366457138,5.87675952,4.149554792,76.03055712,74.65713716,1
846,3.917048991,2.685701786,2.430776014,74.601361,75.6113439,1
1099,4.207038774,4.321003164,1.715958409,83.11511514,81.48598973,0
1125,2.467653436,6.491564821,1.289050274,72.69059629,80.11166128,1
777,3.735323026,5.133252998,1.728103858,76.94717089,78.0848061,0
1149,3.907305252,4.234667755,2.074188818,85.84579504,85.19669772,0
725,3.088663249,3.711530183,2.045371664,74.84589823,79.85462619,0
826,3.338057776,11.36952314,4.103288129,76.67585805,80.87205045,1
794,2.820704437,6.143274356,2.094809422,75.86764976,68.26823022,1
1224,2.214727486,5.869446739,1.721887631,82.98158331,78.93874198,0
942,6.107821,4.77215842,1.743461856,75.50446821,79.58454419,1
601,4.160284804,6.15274671,3.073902863,74.09406923,81.36837227,0
1082,2.157115795,13.00920013,3.018223704,83.1778086,83.38616172,0
407,2.48074658,4.011369954,2.574574634,77.84775399,84.93664198,1
714,2.302648835,7.50540247,4.935570029,83.34412655,71.82180096,1
718,2.661980102,7.780687656,6.15425531,87.32721455,74.01337491,0
848,4.937824376,13.0776305,2.829343507,76.97198251,73.55347103,1
556,3.480168525,4.993241705,2.886106196,76.12073225,79.55462611,1
1279,2.189458579,7.161760558,2.037107128,85.5463531,83.67574643,0
845,3.547397046,10.42771289,5.890522934,82.42512533,81.49525633,1
872,4.041599676,7.396800074,4.083408897,77.34756397,88.96185468,1
530,2.111655433,4.431196976,2.309351476,84.56889554,87.52326747,1
480,4.398935668,7.553360272,1.723834643,75.63149711,74.75243248,1
562,2.536882451,5.151546728,1.854318359,77.59149895,73.95009756,0
1212,1.723152316,5.266437194,4.289763312,80.38230746,82.46203326,0
1068,4.247390408,5.281337916,1.760173115,78.1853342,71.93392602,0
672,2.997711336,5.764714627,1.72647518,76.86473021,78.62412775,1
1135,4.264144401,5.481056468,1.643783084,74.88103605,71.1011871,0
663,2.244654644,2.923399719,2.102534969,73.86854525,76.51287375,1
668,2.26712687,6.211984443,1.177748206,77.84233481,70.51337291,0
1004,3.8908197,5.659296788,2.19017651,74.08584227,84.33429041,0
1106,5.476707269,4.688415355,1.326322807,83.66638516,87.83742163,0
645,3.930204767,4.41165536,1.425743183,77.21879427,73.43262938,0
839,3.890235559,5.725585071,1.984227594,77.48795413,77.33258842,0
977,2.299655748,6.072880568,1.974169142,78.79525731,81.87079051,0
906,4.133863124,3.83336256,1.712152528,86.45733057,81.03108491,1
384,2.866257564,11.41896238,3.074799936,84.29049283,83.87581367,1
838,3.808731512,4.356433937,1.827064499,77.1586016,74.14781634,0
477,4.029123773,7.699562126,2.468263575,76.46214687,70.28504534,1
609,3.562696678,7.415098927,1.703406332,77.68095932,76.62243096,1
891,2.68142429,6.325311979,2.964764493,74.83144348,78.35740755,0
1123,2.209600442,5.535388957,1.773271358,77.22652467,83.67489862,1
532,4.974096966,5.40780488,1.775458378,75.51205219,72.8979244,0
772,3.630924175,11.792247,5.489421799,77.11055337,78.06377932,1
848,2.717920341,7.660404428,2.686738378,75.54615397,65.09908615,0
770,2.2608448,9.425363301,1.539468586,75.7964359,77.40665153,1
489,4.150486623,8.020215518,2.881867784,75.7347202,84.09289889,1
522,5.06404227,5.780391041,1.001755649,75.7426268,75.90655301,0
511,2.821510497,6.233392953,1.499592334,78.33335216,73.89485282,1
674,3.187431696,3.208982941,1.757471186,75.19097307,84.35811782,0
611,2.35079381,6.416186634,2.919195063,75.58734696,77.06127587,1
1457,2.55762585,5.856524037,2.098636005,87.27063259,79.27537997,1
624,5.652696268,8.617896731,1.15323296,73.89985785,76.19171882,1
1485,2.302035392,6.455647108,1.832881347,73.91343024,72.50133042,1
600,3.253146665,12.04326756,3.939783223,75.48716686,81.27043026,0
662,3.112967337,4.042031547,2.884084279,76.78971869,85.35202419,1
917,3.620941298,5.986937394,2.661759061,75.37151409,78.85931807,1
658,3.686020967,6.034731249,2.220792253,75.80824836,72.47154644,0
811,3.966318376,13.56409707,1.898918887,75.53969189,84.7200783,0
892,4.122584247,7.931812645,3.992502498,85.4934134,75.8878944,0
361,2.126902124,4.277435306,2.393912655,76.8986318,83.20332595,0
1488,3.773569813,6.925047954,2.179802501,77.060432,73.26145875,1
1358,3.056289471,6.335418946,1.697406986,77.85887097,92.85433504,1
1456,1.935916145,3.760527495,1.468253266,74.06476959,89.69762593,1
622,2.634259226,5.858383512,2.614017604,81.57370092,80.68101457,1
434,4.779583398,1.804387556,1.51476882,75.51862738,71.28134926,1
539,5.150203798,2.42083441,3.754586245,75.04638426,76.5356146,1
737,2.022647311,8.385359027,2.771291538,73.84506876,86.18675443,1
1162,2.029417721,3.661626679,2.876070354,75.85182314,91.82027287,1
811,3.438617961,6.645624094,3.467428388,75.81685496,83.65694558,1
593,2.286642094,2.975937944,2.241325884,79.7065427,83.98409944,0
737,3.055748056,13.11553341,4.271597754,76.72973242,83.05104061,1
505,2.632264711,6.824672555,1.23249599,76.56421437,88.1210074,1
677,2.269298355,2.410800466,2.863409841,78.59752315,87.22518415,0
733,4.943801407,7.586769108,1.351348101,76.13499223,82.28280503,1
1195,3.446582452,5.943094537,2.918016534,75.9550233,71.7499703,1
600,2.196823917,7.437346761,2.556287669,78.52377669,84.46420607,0
746,3.165439547,4.55720556,4.429977918,77.6999398,70.67652159,1
765,3.777992849,5.979919002,1.280484518,76.85138043,73.79356081,1
586,2.423695442,17.39891425,3.177666595,77.52835276,74.22806061,0
633,3.271553447,4.541113318,2.378213843,77.59650319,68.34558149,1
878,4.524760949,18.52932654,2.654265372,84.08417318,77.52153254,0
925,4.785185221,4.984906163,2.434794354,76.83157698,85.98157197,1
739,4.114598536,11.40013383,2.801199907,75.74602121,64.8541171,1
750,5.315110611,2.859700528,2.63099594,77.02365125,79.29097442,1
1410,3.231059198,5.121068638,3.80723941,74.27619786,88.4249519,0
676,2.040477164,6.550665365,2.037751801,76.02055816,77.19679797,0
746,4.061424344,5.883969755,1.305820144,76.14481023,77.42063497,1
563,4.795439464,7.62411736,1.687048035,76.92705094,71.5168824,1
622,3.239334048,4.804825071,2.299726816,84.66043902,89.9184298,1
566,2.626329623,4.498955993,1.013905411,76.50507514,81.79986657,1
552,2.76137526,1.370998485,5.750228076,76.91252773,87.87969724,0
1478,3.389848163,5.746699276,1.65269415,78.10198918,75.74384114,1
671,4.088141686,11.85927925,2.518008922,83.74668719,81.50044406,0
432,3.059922446,6.882004835,1.829250078,75.36773893,68.93649853,1
554,2.356305313,7.498510599,3.331425825,75.49246884,77.7997457,1
749,3.658544748,6.224741423,1.830673611,76.55675054,88.64465041,0
512,2.571315787,11.50882253,5.953897233,75.21503065,84.6872992,1
895,3.70720582,2.027585574,3.277046231,76.28311714,87.5210085,0
789,4.223840555,4.999893407,1.68750018,77.01428648,77.47444457,0
1190,2.290647104,6.547939451,2.05195718,74.99454253,73.25382114,1
854,2.29866197,9.093801912,1.371096765,77.9286187,86.14035815,1
815,3.25241634,5.446731741,5.457185872,77.36599356,74.36437049,1
562,4.809846688,6.096381379,3.415145409,83.22608729,76.5337961,1
666,2.058662917,2.236146421,1.777788184,77.37216742,79.12553764,1
1064,0.192245506,7.374385561,1.414468526,76.85518976,81.59063708,0
558,4.486163023,12.19079128,1.888824563,77.49031743,70.28867225,1
893,4.479118196,7.63864229,3.064785078,77.12412671,78.57642321,1
429,2.922127128,7.354465395,1.391289549,76.7308328,86.29248919,1
749,2.242714308,5.500313642,3.203643309,75.67105183,75.94354284,1
591,3.018343774,5.157963944,1.52595635,74.84386079,66.40017958,1
604,1.955472608,3.530777452,2.525627832,76.21497796,75.22733861,0
670,4.869918752,5.029336977,0.874112356,77.29502581,81.33542274,1
635,3.244042724,3.908973482,1.933737724,75.76952752,77.700748,1
734,2.730303026,3.719210131,3.834098159,80.03328541,82.20333872,0
930,3.690079666,4.770946321,3.155294165,86.93174765,82.33074096,0
528,2.539986937,5.839284491,5.523076619,83.78133369,83.83260721,1
597,2.353711325,4.274618247,1.5234069,74.76983066,83.55658666,0
643,4.244691993,5.760913163,1.361897825,77.243167,77.65846018,1
1049,4.080675868,5.535421583,3.13682979,75.88231972,68.01856706,0
723,2.447021282,10.10766875,2.052822828,74.92624683,80.51584077,1
790,1.874026744,3.927190934,2.12629551,76.98896292,84.32728404,0
668,2.400174074,6.884675907,1.274696396,82.68293078,68.77271076,0
780,2.082835566,5.599400486,1.287674163,76.64208385,76.85301329,0
1338,3.024144923,6.374847462,2.830791194,74.46610647,79.26149711,0
567,1.965291822,3.385490329,2.471226032,76.46290648,77.1323478,1
628,2.50224204,13.76926041,2.339963009,80.9200354,72.59569966,1
1206,3.895751377,5.856936889,1.661437114,77.02162221,74.42977887,1
1002,3.766352371,4.376283673,1.889924717,75.70957717,77.62203566,0
566,3.513360515,7.180616976,2.113464859,77.83265521,71.19703426,1
835,1.018225187,10.2809064,1.762943075,77.49968767,85.55874461,1
505,3.862823986,4.882399404,2.703333064,88.02526873,89.83150179,1
769,4.57314444,6.256969516,1.824474713,78.00198859,86.74290217,1
1156,4.108144835,5.396624116,3.06941755,75.6653431,88.24018877,0
1057,3.726872423,4.569508059,2.325823325,84.3411022,92.11457105,0
529,1.858454053,4.142636762,1.444948051,76.07728232,75.23980639,1
799,5.872675562,7.152627334,3.433332797,78.06122836,74.63731315,1
857,2.32675715,14.00443354,1.404815058,86.54570584,77.95441948,1
477,4.034935752,5.703312628,2.403264587,76.57955661,71.77323269,1
853,3.610839926,9.021396231,1.779990767,79.2520846,82.28686707,0
516,2.707622023,3.663095858,2.152372522,78.07306812,77.21402495,1
805,2.482970234,15.27769335,1.019134509,76.64664254,79.60984457,0
1442,4.246808621,7.929052185,2.948972721,75.67294391,75.5009832,0
687,3.715972916,7.209338198,1.34146919,76.11929333,80.62334367,1
485,4.88378309,7.454613353,2.222652063,73.66540383,66.54264017,1
620,1.975893666,12.93603086,3.415524971,76.38122197,88.27501249,0
673,2.396766629,4.122080652,1.219242253,76.66827124,75.67304878,1
978,2.007255146,3.794500341,2.025737945,76.93397602,72.71020992,0
788,2.381806247,4.507775548,3.143403568,75.74896013,70.28692613,0
1089,3.211449851,6.95393876,1.944323175,78.95986095,69.12630421,1
504,4.164169345,3.858399512,1.573525132,78.15414092,78.91368858,1
949,2.833090344,7.489267356,1.096266707,79.17794136,70.75542877,0
618,2.628499408,3.632139881,1.957933634,85.09289129,77.13040571,0
466,2.442533198,7.424822332,1.98849728,77.39352502,80.11418691,1
848,4.978614526,6.541365415,0.788640386,74.65733662,68.85786797,0
830,3.112461092,8.378062603,1.879586846,75.85280399,84.36936775,1
672,2.470481306,6.813355158,1.735413485,76.54955114,76.10738166,1
652,2.242117773,7.172098643,0.015938379,75.94597409,70.79368639,0
797,3.053651885,11.09805268,2.433210904,79.36840471,90.90405948,0
935,2.548486372,3.314988371,1.170225793,77.52961925,88.54949845,1
482,4.115978492,8.067329468,1.100795889,88.25081297,88.72942832,1
624,5.260815068,6.50252374,1.440062434,73.37439527,65.87993007,1
881,5.258054834,7.087961341,2.780317903,84.81395446,85.4676875,0
568,2.440999384,4.735633766,2.427563656,80.78619496,88.02947505,0
1000,3.315279132,2.009737541,5.498193352,83.49190933,82.12740815,0
957,2.777575984,7.335924216,5.894510901,74.95661909,68.30346916,0
1137,2.822741146,6.45176764,2.534248708,77.48308383,77.54798068,1
743,2.298119357,5.64583846,5.30466251,88.47714286,83.1461735,0
612,3.613140905,6.124748702,2.65128929,76.96281568,74.92707965,1
605,4.980230959,4.009394739,1.877505137,82.16610556,75.31187132,1
869,2.732646121,5.348396442,2.65285384,75.88327248,80.72023797,1
533,1.978938303,6.485261284,5.949864865,76.68359135,88.98720602,1
577,2.128152517,7.751957094,2.486108476,76.38470179,88.91670234,1
1141,4.183634469,4.065678987,2.085941591,76.6094795,81.89884716,0
419,2.537054937,6.903718611,2.439725042,73.63319177,74.80737451,0
805,1.367999253,0.5809208,1.578475565,76.12907404,80.90088478,0
538,2.950237721,11.42815309,1.542400463,76.8424878,85.72359676,1
849,1.852082802,11.51882223,2.929287916,78.25568539,91.87964108,0
402,2.205334487,5.487666556,3.125850165,75.48592891,88.93513427,1
687,2.786011084,3.598678155,3.207801818,77.21461684,81.02542684,0
441,5.030587746,11.56432139,5.94233657,76.75698981,66.50928203,1
715,2.923011002,3.612696225,1.752867088,82.72319118,73.1819136,1
922,3.434614587,6.884069134,2.441379346,77.08385928,78.0269863,0
521,2.884328619,10.4875367,2.480098605,82.16891916,82.05082109,1
684,4.599216884,2.414380478,1.330357061,74.40414515,71.20959491,1
915,2.663243589,9.74377403,0.820020277,76.85937228,72.65107063,1
516,2.781434902,3.43391761,2.312806856,81.0532459,72.43674572,1
661,3.328853256,5.896481714,1.906866354,74.96720316,83.45673161,1
834,3.82098838,2.163521975,2.783681659,75.0129691,80.83821692,1
546,2.231957815,3.555384898,1.8746868,76.7714563,74.00760069,1
552,1.920278603,6.84884516,1.69252761,78.618549,78.87764616,1
639,5.226335922,4.721771294,1.417380224,74.88782749,80.65363376,1
